,symboling,normalized-losses,make,body-style,drive-wheels,wheel-base,length,width,height,curb-weight,engine-size,bore,stroke,compression-ratio,horsepower,peak-rpm,city-mpg,highway-mpg,price,fuel-type_diesel,fuel-type_gas,aspiration_std,aspiration_turbo,num-of-doors_four,num-of-doors_two,num-of-cylinders_eight,num-of-cylinders_five,num-of-cylinders_four,num-of-cylinders_six,num-of-cylinders_three,num-of-cylinders_twelve,num-of-cylinders_two,engine-type_dohc,engine-type_l,engine-type_ohc,engine-type_ohcf,engine-type_ohcv,engine-type_rotor,fuel-system_1bbl,fuel-system_2bbl,fuel-system_4bbl,fuel-system_idi,fuel-system_mfi,fuel-system_mpfi,fuel-system_spdi,fuel-system_spfi,engine-location_front,engine-location_rear
0,3,0.31413612565445026,alfa-romero,convertible,rwd,88.6,0.4134328358208958,0.32478632478632447,0.08333333333333333,0.41117145073700545,0.26037735849056604,0.6642857142857145,0.2904761904761906,0.125,0.29439252336448596,0.3469387755102041,0.2222222222222222,0.2894736842105263,0.2825579663373219,0,1,1,0,0,1,0,0,1,0,0,0,0,1,0,0,0,0,0,0,0,0,0,0,1,0,0,1,0
1,1,0.31413612565445026,alfa-romero,hatchback,rwd,94.5,0.4492537313432835,0.4444444444444446,0.38333333333333347,0.5178432893716058,0.3433962264150943,0.10000000000000009,0.6666666666666669,0.125,0.4953271028037383,0.3469387755102041,0.16666666666666666,0.2631578947368421,0.2825579663373219,0,1,1,0,0,1,0,0,0,1,0,0,0,0,0,0,0,1,0,0,0,0,0,0,1,0,0,1,0
2,2,0.518324607329843,audi,sedan,fwd,99.8,0.5298507462686567,0.5042735042735046,0.5416666666666666,0.32932505818463925,0.1811320754716981,0.46428571428571425,0.6333333333333333,0.1875,0.2523364485981308,0.5510204081632653,0.3055555555555556,0.3684210526315789,0.21925425748473262,0,1,1,0,1,0,0,0,1,0,0,0,0,0,0,1,0,0,0,0,0,0,0,0,1,0,0,1,0
3,2,0.518324607329843,audi,sedan,4wd,99.4,0.5298507462686567,0.521367521367522,0.5416666666666666,0.5182311869666408,0.2830188679245283,0.46428571428571425,0.6333333333333333,0.0625,0.3130841121495327,0.5510204081632653,0.1388888888888889,0.15789473684210525,0.30614170100789434,0,1,1,0,1,0,0,1,0,0,0,0,0,0,0,1,0,0,0,0,0,0,0,0,1,0,0,1,0
4,2,0.5026178010471204,audi,sedan,fwd,99.8,0.5402985074626868,0.5128205128205127,0.44166666666666704,0.39526764934057407,0.2830188679245283,0.46428571428571425,0.6333333333333333,0.09375,0.2897196261682243,0.5510204081632653,0.16666666666666666,0.23684210526315788,0.25152673650762125,0,1,1,0,0,1,0,1,0,0,0,0,0,0,0,1,0,0,0,0,0,0,0,0,1,0,0,1,0
5,1,0.4869109947643979,audi,sedan,fwd,105.8,0.7701492537313432,0.9487179487179492,0.6583333333333338,0.525989138867339,0.2830188679245283,0.46428571428571425,0.6333333333333333,0.09375,0.2897196261682243,0.5510204081632653,0.16666666666666666,0.23684210526315788,0.3125961968124721,0,1,1,0,1,0,0,1,0,0,0,0,0,0,0,1,0,0,0,0,0,0,0,0,1,0,0,1,0
6,1,0.5026178010471204,audi,wagon,fwd,105.8,0.7701492537313432,0.9487179487179492,0.6583333333333338,0.5686578743211792,0.2830188679245283,0.46428571428571425,0.6333333333333333,0.09375,0.2897196261682243,0.5510204081632653,0.16666666666666666,0.23684210526315788,0.3426344272876223,0,1,1,0,1,0,0,1,0,0,0,0,0,0,0,1,0,0,0,0,0,0,0,0,1,0,0,1,0
7,1,0.4869109947643979,audi,sedan,fwd,105.8,0.7701492537313432,0.9487179487179492,0.6750000000000002,0.6198603568657874,0.2641509433962264,0.4214285714285714,0.6333333333333333,0.08125000000000004,0.42990654205607476,0.5510204081632653,0.1111111111111111,0.10526315789473684,0.4656422223325555,0,1,0,1,1,0,0,1,0,0,0,0,0,0,0,1,0,0,0,0,0,0,0,0,1,0,0,1,0
9,2,0.6649214659685864,bmw,sedan,rwd,101.2,0.5328358208955226,0.3846153846153845,0.5416666666666666,0.3518231186966641,0.17735849056603772,0.6857142857142857,0.3476190476190476,0.11250000000000004,0.24766355140186916,0.673469387755102,0.2777777777777778,0.34210526315789475,0.28082021746685865,0,1,1,0,0,1,0,0,1,0,0,0,0,0,0,1,0,0,0,0,0,0,0,0,1,0,0,1,0
10,0,0.6649214659685864,bmw,sedan,rwd,101.2,0.5328358208955226,0.3846153846153845,0.5416666666666666,0.3518231186966641,0.17735849056603772,0.6857142857142857,0.3476190476190476,0.11250000000000004,0.24766355140186916,0.673469387755102,0.2777777777777778,0.34210526315789475,0.29310858447942006,0,1,1,0,1,0,0,0,1,0,0,0,0,0,0,1,0,0,0,0,0,0,0,0,1,0,0,1,0
11,0,0.643979057591623,bmw,sedan,rwd,101.2,0.5328358208955226,0.3846153846153845,0.5416666666666666,0.474010861132661,0.3886792452830189,0.55,0.5333333333333333,0.125,0.3411214953271028,0.04081632653061224,0.2222222222222222,0.3157894736842105,0.39352564420833125,0,1,1,0,0,1,0,0,0,1,0,0,0,0,0,1,0,0,0,0,0,0,0,0,1,0,0,1,0
12,0,0.643979057591623,bmw,sedan,rwd,101.2,0.5328358208955226,0.3846153846153845,0.5416666666666666,0.49534522885958104,0.3886792452830189,0.55,0.5333333333333333,0.125,0.3411214953271028,0.04081632653061224,0.2222222222222222,0.3157894736842105,0.39687701702993894,0,1,1,0,1,0,0,0,0,1,0,0,0,0,0,1,0,0,0,0,0,0,0,0,1,0,0,1,0
13,1,0.6544502617801047,bmw,sedan,rwd,103.5,0.7149253731343285,0.5641025641025647,0.6583333333333338,0.6078355314197051,0.3886792452830189,0.55,0.5333333333333333,0.125,0.3411214953271028,0.04081632653061224,0.19444444444444445,0.23684210526315788,0.48277146119855024,0,1,1,0,1,0,0,0,0,1,0,0,0,0,0,1,0,0,0,0,0,0,0,0,1,0,0,1,0
14,0,0.6544502617801047,bmw,sedan,rwd,103.5,0.7149253731343285,0.5641025641025647,0.6583333333333338,0.6757176105508146,0.5584905660377358,0.7714285714285716,0.6285714285714287,0.0625,0.6261682242990654,0.5102040816326531,0.08333333333333333,0.15789473684210525,0.6365622362345464,0,1,1,0,1,0,0,0,0,1,0,0,0,0,0,1,0,0,0,0,0,0,0,0,1,0,0,1,0
15,0,0.6544502617801047,bmw,sedan,rwd,103.5,0.7865671641791048,0.6495726495726502,0.49166666666666714,0.7339022498060512,0.5584905660377358,0.7714285714285716,0.6285714285714287,0.0625,0.6261682242990654,0.5102040816326531,0.08333333333333333,0.15789473684210525,0.8985899409165384,0,1,1,0,0,1,0,0,0,1,0,0,0,0,0,1,0,0,0,0,0,0,0,0,1,0,0,1,0
16,0,0.6544502617801047,bmw,sedan,rwd,110.0,0.8343283582089553,0.9059829059829065,0.7083333333333334,0.7823894491854151,0.5584905660377358,0.7714285714285716,0.6285714285714287,0.0625,0.6261682242990654,0.5102040816326531,0.05555555555555555,0.10526315789473684,0.7884911374807606,0,1,1,0,1,0,0,0,0,1,0,0,0,0,0,1,0,0,0,0,0,0,0,0,1,0,0,1,0
17,2,0.2931937172774869,chevrolet,hatchback,fwd,88.4,0.0,0.0,0.45000000000000046,0.0,0.0,0.2642857142857144,0.45714285714285713,0.15625,0.0,0.3877551020408163,0.9444444444444444,0.9736842105263158,0.0008192244675040961,0,1,1,0,0,1,0,0,0,0,1,0,0,0,1,0,0,0,0,0,1,0,0,0,0,0,0,1,0
18,1,0.17277486910994763,chevrolet,hatchback,fwd,94.5,0.22089552238805987,0.2820512820512823,0.35000000000000026,0.14972847168347556,0.10943396226415095,0.34999999999999987,0.49523809523809526,0.16249999999999998,0.102803738317757,0.5102040816326531,0.6944444444444444,0.7105263157894737,0.029219006007646094,0,1,1,0,0,1,0,0,1,0,0,0,0,0,0,1,0,0,0,0,1,0,0,0,0,0,0,1,0
19,0,0.08376963350785341,chevrolet,sedan,fwd,94.5,0.26417910447761217,0.2820512820512823,0.35000000000000026,0.16330488750969743,0.10943396226415095,0.34999999999999987,0.49523809523809526,0.16249999999999998,0.102803738317757,0.5102040816326531,0.6944444444444444,0.7105263157894737,0.03617000148949903,0,1,1,0,1,0,0,0,1,0,0,0,0,0,0,1,0,0,0,0,1,0,0,0,0,0,0,1,0
20,1,0.2774869109947644,dodge,hatchback,fwd,93.7,0.24179104477611965,0.2991452991452991,0.25,0.15050426687354537,0.10943396226415095,0.3071428571428573,0.5523809523809524,0.150625,0.09345794392523364,0.5510204081632653,0.6666666666666666,0.6578947368421053,0.011270542674147262,0,1,1,0,0,1,0,0,1,0,0,0,0,0,0,1,0,0,0,0,1,0,0,0,0,0,0,1,0
21,1,0.2774869109947644,dodge,hatchback,fwd,93.7,0.24179104477611965,0.2991452991452991,0.25,0.15050426687354537,0.10943396226415095,0.3071428571428573,0.5523809523809524,0.15000000000000002,0.09345794392523364,0.5510204081632653,0.5,0.5789473684210527,0.031254654684474456,0,1,1,0,0,1,0,0,1,0,0,0,0,0,0,1,0,0,0,0,1,0,0,0,0,0,0,1,0
22,1,0.2774869109947644,dodge,hatchback,fwd,93.7,0.24179104477611965,0.2991452991452991,0.25,0.2482544608223429,0.13962264150943396,0.34999999999999987,0.6285714285714287,0.03749999999999998,0.2523364485981308,0.5510204081632653,0.3055555555555556,0.3684210526315789,0.07047812918921603,0,1,0,1,0,1,0,0,1,0,0,0,0,0,0,1,0,0,0,0,0,0,0,0,1,0,0,1,0
23,1,0.43455497382198954,dodge,hatchback,fwd,93.7,0.24179104477611965,0.2991452991452991,0.2333333333333337,0.18580294802172226,0.10943396226415095,0.3071428571428573,0.5523809523809524,0.15000000000000002,0.09345794392523364,0.5510204081632653,0.5,0.5789473684210527,0.0275805570726379,0,1,1,0,1,0,0,0,1,0,0,0,0,0,0,1,0,0,0,0,1,0,0,0,0,0,0,1,0
24,1,0.43455497382198954,dodge,sedan,fwd,93.7,0.24179104477611965,0.2991452991452991,0.2333333333333337,0.1943366951124903,0.10943396226415095,0.3071428571428573,0.5523809523809524,0.15000000000000002,0.09345794392523364,0.5510204081632653,0.5,0.5789473684210527,0.03907452460155901,0,1,1,0,1,0,0,0,1,0,0,0,0,0,0,1,0,0,0,0,1,0,0,0,0,0,0,1,0
25,1,0.43455497382198954,dodge,sedan,fwd,93.7,0.24179104477611965,0.2991452991452991,0.2333333333333337,0.1943366951124903,0.10943396226415095,0.3071428571428573,0.5523809523809524,0.15000000000000002,0.09345794392523364,0.5510204081632653,0.5,0.5789473684210527,0.06183903480462738,0,1,1,0,1,0,0,0,1,0,0,0,0,0,0,1,0,0,0,0,1,0,0,0,0,0,0,1,0
26,1,0.43455497382198954,dodge,sedan,fwd,93.7,0.24179104477611965,0.2991452991452991,0.2333333333333337,0.2726920093095423,0.13962264150943396,0.34999999999999987,0.6285714285714287,0.03749999999999998,0.2523364485981308,0.5510204081632653,0.3055555555555556,0.3684210526315789,0.08539794449133609,0,1,0,1,1,0,0,0,1,0,0,0,0,0,0,1,0,0,0,0,0,0,0,0,1,0,0,1,0
27,-1,0.2356020942408377,dodge,wagon,fwd,103.3,0.5,0.3675213675213672,1.0,0.4061287820015516,0.23018867924528302,0.5714285714285713,0.6619047619047619,0.09375,0.18691588785046728,0.3469387755102041,0.3055555555555556,0.3684210526315789,0.09440941363388114,0,1,1,0,1,0,0,0,1,0,0,0,0,0,0,1,0,0,0,0,1,0,0,0,0,0,0,1,0
28,3,0.418848167539267,dodge,hatchback,fwd,95.9,0.4791044776119402,0.5128205128205127,0.20000000000000048,0.5131885182311869,0.3584905660377358,0.7571428571428572,0.8714285714285714,0.0,0.4532710280373832,0.3469387755102041,0.16666666666666666,0.21052631578947367,0.1947768233950648,0,1,0,1,0,1,0,0,1,0,0,0,0,0,0,1,0,0,0,0,0,0,0,1,0,0,0,1,0
29,2,0.3769633507853403,honda,hatchback,fwd,86.6,0.05223880597014925,0.30769230769230776,0.25,0.08727695888285493,0.1169811320754717,0.2642857142857144,0.6380952380952382,0.16249999999999998,0.04672897196261682,0.2653061224489796,1.0,1.0,0.03378680303857803,0,1,1,0,0,1,0,0,1,0,0,0,0,0,0,1,0,0,0,1,0,0,0,0,0,0,0,1,0
30,2,0.3769633507853403,honda,hatchback,fwd,86.6,0.05223880597014925,0.30769230769230776,0.25,0.12839410395655548,0.1169811320754717,0.2642857142857144,0.6380952380952382,0.13749999999999996,0.1308411214953271,0.7551020408163265,0.5,0.5789473684210527,0.043120996971351966,0,1,1,0,0,1,0,0,1,0,0,0,0,0,0,1,0,0,0,1,0,0,0,0,0,0,0,1,0
31,1,0.18848167539267016,honda,hatchback,fwd,93.7,0.13283582089552248,0.3162393162393164,0.40000000000000036,0.13537626066718386,0.06792452830188679,0.2642857142857144,0.47619047619047616,0.19374999999999998,0.056074766355140186,0.5510204081632653,0.6944444444444444,0.6842105263157895,0.006975820465716698,0,1,1,0,0,1,0,0,1,0,0,0,0,0,0,1,0,0,0,1,0,0,0,0,0,0,0,1,0
32,1,0.18848167539267016,honda,hatchback,fwd,93.7,0.13283582089552248,0.3162393162393164,0.40000000000000036,0.17532971295577968,0.1169811320754717,0.2642857142857144,0.6380952380952382,0.13749999999999996,0.1308411214953271,0.7551020408163265,0.4722222222222222,0.47368421052631576,0.03502805223176605,0,1,1,0,0,1,0,0,1,0,0,0,0,0,0,1,0,0,0,1,0,0,0,0,0,0,0,1,0
33,1,0.18848167539267016,honda,hatchback,fwd,93.7,0.13283582089552248,0.3162393162393164,0.40000000000000036,0.18153607447633824,0.1169811320754717,0.2642857142857144,0.6380952380952382,0.13749999999999996,0.1308411214953271,0.7551020408163265,0.4722222222222222,0.47368421052631576,0.04992304255002234,0,1,1,0,0,1,0,0,1,0,0,0,0,0,0,1,0,0,0,1,0,0,0,0,0,0,0,1,0
34,0,0.2356020942408377,honda,sedan,fwd,96.5,0.33283582089552255,0.3162393162393164,0.5583333333333336,0.20248254460822343,0.1169811320754717,0.2642857142857144,0.6380952380952382,0.13749999999999996,0.1308411214953271,0.7551020408163265,0.4722222222222222,0.47368421052631576,0.054043989871406586,0,1,1,0,1,0,0,0,1,0,0,0,0,0,0,1,0,0,0,1,0,0,0,0,0,0,0,1,0
35,0,0.06806282722513089,honda,wagon,fwd,96.5,0.23880597014925373,0.30769230769230776,0.875,0.20791311093871218,0.1169811320754717,0.27142857142857135,0.6380952380952382,0.13749999999999996,0.1308411214953271,0.7551020408163265,0.4722222222222222,0.47368421052631576,0.054043989871406586,0,1,1,0,1,0,0,0,1,0,0,0,0,0,0,1,0,0,0,1,0,0,0,0,0,0,0,1,0
36,0,0.21465968586387435,honda,hatchback,fwd,96.5,0.39402985074626873,0.4188034188034192,0.4583333333333333,0.29014740108611325,0.18490566037735848,0.43571428571428567,0.7190476190476192,0.125,0.17757009345794392,0.673469387755102,0.3888888888888889,0.4473684210526316,0.06893898018966288,0,1,1,0,0,1,0,0,1,0,0,0,0,0,0,1,0,0,0,1,0,0,0,0,0,0,0,1,0
37,0,0.21465968586387435,honda,hatchback,fwd,96.5,0.39402985074626873,0.4188034188034192,0.4583333333333333,0.31070597362296354,0.18490566037735848,0.43571428571428567,0.7190476190476192,0.125,0.17757009345794392,0.673469387755102,0.3888888888888889,0.4473684210526316,0.09872896082617547,0,1,1,0,0,1,0,0,1,0,0,0,0,0,0,1,0,0,0,1,0,0,0,0,0,0,0,1,0
38,0,0.10471204188481675,honda,sedan,fwd,96.5,0.5119402985074628,0.4188034188034192,0.5250000000000004,0.3165244375484872,0.18490566037735848,0.43571428571428567,0.7190476190476192,0.125,0.17757009345794392,0.673469387755102,0.3888888888888889,0.4473684210526316,0.09252271486023535,0,1,1,0,1,0,0,0,1,0,0,0,0,0,0,1,0,0,0,1,0,0,0,0,0,0,0,1,0
39,0,0.10471204188481675,honda,sedan,fwd,96.5,0.5119402985074628,0.18803418803418823,0.5250000000000004,0.34290147401086113,0.18490566037735848,0.43571428571428567,0.7190476190476192,0.125,0.17757009345794392,0.673469387755102,0.3888888888888889,0.4473684210526316,0.12851894146268805,0,1,1,0,1,0,0,0,1,0,0,0,0,0,0,1,0,0,0,1,0,0,0,0,0,0,0,1,0
40,0,0.10471204188481675,honda,sedan,fwd,96.5,0.5119402985074628,0.4188034188034192,0.5250000000000004,0.37897595034910786,0.18490566037735848,0.43571428571428567,0.7190476190476192,0.125,0.24766355140186916,0.673469387755102,0.3055555555555556,0.3157894736842105,0.19430514870165336,0,1,1,0,1,0,0,0,1,0,0,0,0,0,0,1,0,0,0,0,0,0,0,0,1,0,0,1,0
41,1,0.2198952879581152,honda,sedan,fwd,96.5,0.417910447761194,0.4871794871794873,0.2666666666666669,0.31225756400310317,0.18490566037735848,0.43571428571428567,0.7190476190476192,0.13124999999999998,0.24299065420560748,0.5510204081632653,0.3333333333333333,0.39473684210526316,0.12976019065587607,0,1,1,0,0,1,0,0,1,0,0,0,0,0,0,1,0,0,0,0,1,0,0,0,0,0,0,1,0
42,0,0.31413612565445026,isuzu,sedan,rwd,94.3,0.4417910447761193,0.12820512820512817,0.47500000000000026,0.32932505818463925,0.18867924528301888,0.55,0.5523809523809524,0.09375,0.14018691588785046,0.2653061224489796,0.3055555555555556,0.34210526315789475,0.04138324810088873,0,1,1,0,1,0,0,0,1,0,0,0,0,0,0,1,0,0,0,0,1,0,0,0,0,0,0,1,0
45,2,0.31413612565445026,isuzu,hatchback,rwd,96.0,0.4701492537313433,0.4188034188034192,0.3000000000000001,0.48332040341349886,0.2188679245283019,0.6357142857142859,0.5523809523809524,0.13749999999999996,0.19626168224299065,0.3469387755102041,0.3055555555555556,0.34210526315789475,0.1472121543120997,0,1,1,0,0,1,0,0,1,0,0,0,0,0,0,1,0,0,0,0,0,0,0,0,0,0,1,1,0
46,0,0.418848167539267,jaguar,sedan,rwd,113.0,0.8731343283582089,0.7948717948717945,0.4166666666666667,1.0,0.7433962264150943,0.7785714285714285,1.0,0.06874999999999998,0.5981308411214953,0.24489795918367346,0.05555555555555555,0.07894736842105263,0.6735514621915496,0,1,1,0,1,0,0,0,0,1,0,0,0,1,0,0,0,0,0,0,0,0,0,0,1,0,0,1,0
47,0,0.418848167539267,jaguar,sedan,rwd,113.0,0.8731343283582089,0.7948717948717945,0.4166666666666667,1.0,0.7433962264150943,0.7785714285714285,1.0,0.06874999999999998,0.5981308411214953,0.24489795918367346,0.05555555555555555,0.07894736842105263,0.7554739089419592,0,1,1,0,1,0,0,0,0,1,0,0,0,1,0,0,0,0,0,0,0,0,0,0,1,0,0,1,0
48,0,0.418848167539267,jaguar,sedan,rwd,102.0,0.7552238805970148,0.8803418803418799,0.0,0.9550038789759504,1.0,0.7142857142857143,0.3285714285714285,0.28125,1.0,0.3469387755102041,0.0,0.02631578947368421,0.7666451516806514,0,1,1,0,0,1,0,0,0,0,0,1,0,0,0,0,0,1,0,0,0,0,0,0,1,0,0,1,0
49,1,0.20418848167539266,mazda,hatchback,fwd,93.1,0.26865671641791045,0.33333333333333376,0.5250000000000004,0.15593483320403415,0.11320754716981132,0.34999999999999987,0.5142857142857143,0.125,0.09345794392523364,0.3469387755102041,0.4722222222222222,0.39473684210526316,0.0019115237575095577,0,1,1,0,0,1,0,0,1,0,0,0,0,0,0,1,0,0,0,0,1,0,0,0,0,0,0,1,0
50,1,0.20418848167539266,mazda,hatchback,fwd,93.1,0.26865671641791045,0.33333333333333376,0.5250000000000004,0.15981380915438323,0.11320754716981132,0.34999999999999987,0.5142857142857143,0.125,0.09345794392523364,0.3469387755102041,0.5,0.5789473684210527,0.024254009234893997,0,1,1,0,0,1,0,0,1,0,0,0,0,0,0,1,0,0,0,0,1,0,0,0,0,0,0,1,0
51,1,0.20418848167539266,mazda,hatchback,fwd,93.1,0.26865671641791045,0.33333333333333376,0.5250000000000004,0.1617532971295578,0.11320754716981132,0.34999999999999987,0.5142857142857143,0.125,0.09345794392523364,0.3469387755102041,0.5,0.5789473684210527,0.04163149793952634,0,1,1,0,0,1,0,0,1,0,0,0,0,0,0,1,0,0,0,0,1,0,0,0,0,0,0,1,0
52,1,0.2513089005235602,mazda,sedan,fwd,93.1,0.38358208955223905,0.33333333333333376,0.5250000000000004,0.17726920093095422,0.11320754716981132,0.34999999999999987,0.5142857142857143,0.125,0.09345794392523364,0.3469387755102041,0.5,0.5789473684210527,0.03914899955315029,0,1,1,0,1,0,0,0,1,0,0,0,0,0,0,1,0,0,0,0,1,0,0,0,0,0,0,1,0
53,1,0.2513089005235602,mazda,sedan,fwd,93.1,0.38358208955223905,0.33333333333333376,0.5250000000000004,0.1792086889061288,0.11320754716981132,0.3857142857142858,0.5142857142857143,0.125,0.09345794392523364,0.3469387755102041,0.5,0.5789473684210527,0.056526488257782635,0,1,1,0,1,0,0,0,1,0,0,0,0,0,0,1,0,0,0,0,1,0,0,0,0,0,0,1,0
54,3,0.44502617801047123,mazda,hatchback,rwd,95.3,0.4164179104477613,0.4615384615384619,0.15000000000000036,0.3460046547711404,0.033962264150943396,0.5642857142857146,0.5665937803692909,0.15000000000000002,0.24766355140186916,0.7551020408163265,0.1111111111111111,0.18421052631578946,0.14465518097413238,0,1,1,0,0,1,0,0,0,0,0,0,1,0,0,0,0,0,1,0,0,1,0,0,0,0,0,1,0
55,3,0.44502617801047123,mazda,hatchback,rwd,95.3,0.4164179104477613,0.4615384615384619,0.15000000000000036,0.3460046547711404,0.033962264150943396,0.5642857142857146,0.5665937803692909,0.15000000000000002,0.24766355140186916,0.7551020408163265,0.1111111111111111,0.18421052631578946,0.1669976664515168,0,1,1,0,0,1,0,0,0,0,0,0,1,0,0,0,0,0,1,0,0,1,0,0,0,0,0,1,0
56,3,0.44502617801047123,mazda,hatchback,rwd,95.3,0.4164179104477613,0.4615384615384619,0.15000000000000036,0.34794414274631497,0.033962264150943396,0.5642857142857146,0.5665937803692909,0.15000000000000002,0.24766355140186916,0.7551020408163265,0.1111111111111111,0.18421052631578946,0.21168263740628568,0,1,1,0,0,1,0,0,0,0,0,0,1,0,0,0,0,0,1,0,0,1,0,0,0,0,0,1,0
57,3,0.44502617801047123,mazda,hatchback,rwd,95.3,0.4164179104477613,0.4615384615384619,0.15000000000000036,0.39255236617532974,0.07169811320754717,0.5642857142857146,0.5665937803692909,0.15000000000000002,0.40654205607476634,0.7551020408163265,0.08333333333333333,0.18421052631578946,0.2613326051338067,0,1,1,0,0,1,0,0,0,0,0,0,1,0,0,0,0,0,1,0,0,0,0,0,1,0,0,1,0
58,1,0.33507853403141363,mazda,hatchback,fwd,98.8,0.547761194029851,0.52991452991453,0.49166666666666714,0.34794414274631497,0.23018867924528302,0.6071428571428572,0.6285714285714287,0.09999999999999998,0.16822429906542055,0.2653061224489796,0.3611111111111111,0.42105263157894735,0.09252271486023535,0,1,1,0,0,1,0,0,1,0,0,0,0,0,0,1,0,0,0,0,1,0,0,0,0,0,0,1,0
59,0,0.2617801047120419,mazda,sedan,fwd,98.8,0.547761194029851,0.52991452991453,0.6416666666666669,0.35764158262218776,0.23018867924528302,0.6071428571428572,0.6285714285714287,0.09999999999999998,0.16822429906542055,0.2653061224489796,0.3611111111111111,0.42105263157894735,0.08383397050791917,0,1,1,0,1,0,0,0,1,0,0,0,0,0,0,1,0,0,0,0,1,0,0,0,0,0,0,1,0
60,1,0.33507853403141363,mazda,hatchback,fwd,98.8,0.547761194029851,0.52991452991453,0.49166666666666714,0.34794414274631497,0.23018867924528302,0.6071428571428572,0.6285714285714287,0.09999999999999998,0.16822429906542055,0.2653061224489796,0.3611111111111111,0.42105263157894735,0.1359664366218162,0,1,1,0,0,1,0,0,1,0,0,0,0,0,0,1,0,0,0,0,1,0,0,0,0,0,0,1,0
61,0,0.2617801047120419,mazda,sedan,fwd,98.8,0.547761194029851,0.52991452991453,0.6416666666666669,0.35764158262218776,0.23018867924528302,0.6071428571428572,0.6285714285714287,0.09999999999999998,0.16822429906542055,0.2653061224489796,0.3611111111111111,0.42105263157894735,0.12727769226950003,0,1,1,0,1,0,0,0,1,0,0,0,0,0,0,1,0,0,0,0,1,0,0,0,0,0,0,1,0
62,0,0.3036649214659686,mazda,sedan,fwd,98.8,0.547761194029851,0.52991452991453,0.6416666666666669,0.3704422032583398,0.23018867924528302,0.6071428571428572,0.6285714285714287,0.98125,0.07476635514018691,0.20408163265306123,0.6388888888888888,0.6842105263157895,0.1409314333945683,1,0,1,0,1,0,0,0,1,0,0,0,0,0,0,1,0,0,0,0,0,0,1,0,0,0,0,1,0
63,0,0.2617801047120419,mazda,hatchback,fwd,98.8,0.547761194029851,0.52991452991453,0.6416666666666669,0.3634600465477114,0.23018867924528302,0.6071428571428572,0.6285714285714287,0.09999999999999998,0.16822429906542055,0.2653061224489796,0.3611111111111111,0.42105263157894735,0.1521026761332605,0,1,1,0,1,0,0,0,1,0,0,0,0,0,0,1,0,0,0,0,1,0,0,0,0,0,0,1,0
64,0,0.2774869109947644,mazda,sedan,rwd,104.9,0.5059701492537314,0.49572649572649535,0.5500000000000002,0.45849495733126455,0.2981132075471698,0.8714285714285713,0.5190476190476192,0.0625,0.3364485981308411,0.3469387755102041,0.16666666666666666,0.2894736842105263,0.32674643761481553,0,1,1,0,1,0,0,0,1,0,0,0,0,0,0,1,0,0,0,0,0,0,0,0,1,0,0,1,0
65,0,0.3036649214659686,mazda,sedan,rwd,104.9,0.5059701492537314,0.49572649572649535,0.5500000000000002,0.47013188518231186,0.27547169811320754,0.6357142857142859,0.7476190476190477,0.9375,0.11214953271028037,0.02040816326530612,0.5,0.6052631578947368,0.32833523658209623,1,0,1,0,1,0,0,0,1,0,0,0,0,0,0,1,0,0,0,0,0,0,1,0,0,0,0,1,0
66,-1,0.14659685863874344,mercedes-benz,sedan,rwd,110.0,0.7432835820895524,0.8547008547008544,0.7250000000000002,0.7862684251357641,0.46037735849056605,0.7428571428571429,0.7476190476190477,0.90625,0.35046728971962615,0.08163265306122448,0.25,0.23684210526315788,0.5072737202720818,1,0,0,1,1,0,0,1,0,0,0,0,0,0,0,1,0,0,0,0,0,0,1,0,0,0,0,1,0
67,-1,0.14659685863874344,mercedes-benz,wagon,rwd,110.0,0.7432835820895524,0.8547008547008544,0.9083333333333338,0.8774243599689682,0.46037735849056605,0.7428571428571429,0.7476190476190477,0.90625,0.35046728971962615,0.08163265306122448,0.25,0.23684210526315788,0.5742018767687801,1,0,0,1,1,0,0,1,0,0,0,0,0,0,0,1,0,0,0,0,0,0,1,0,0,0,0,1,0
68,0,0.14659685863874344,mercedes-benz,hardtop,rwd,106.7,0.6925373134328359,0.8547008547008544,0.5916666666666668,0.778510473235066,0.46037735849056605,0.7428571428571429,0.7476190476190477,0.90625,0.35046728971962615,0.08163265306122448,0.25,0.23684210526315788,0.5724144779305893,1,0,0,1,0,1,0,1,0,0,0,0,0,0,0,1,0,0,0,0,0,0,1,0,0,0,0,1,0
69,-1,0.14659685863874344,mercedes-benz,sedan,rwd,115.6,0.917910447761194,0.9743589743589746,0.7083333333333334,0.8851823118696664,0.46037735849056605,0.7428571428571429,0.7476190476190477,0.90625,0.35046728971962615,0.08163265306122448,0.25,0.23684210526315788,0.6574152226801052,1,0,0,1,1,0,0,1,0,0,0,0,0,0,0,1,0,0,0,0,0,0,1,0,0,0,0,1,0
70,-1,0.193717277486911,mercedes-benz,sedan,rwd,115.6,0.917910447761194,0.9743589743589746,0.7250000000000002,0.873545384018619,0.6528301886792452,0.6571428571428571,0.49047619047619057,0.08125000000000004,0.5,0.24489795918367346,0.08333333333333333,0.05263157894736842,0.7215629809840624,0,1,1,0,1,0,1,0,0,0,0,0,0,0,0,0,0,1,0,0,0,0,0,0,1,0,0,1,0
71,3,0.4031413612565445,mercedes-benz,convertible,rwd,96.6,0.5850746268656719,0.8717948717948718,0.25,0.852211016291699,0.6528301886792452,0.6571428571428571,0.49047619047619057,0.08125000000000004,0.5,0.24489795918367346,0.08333333333333333,0.05263157894736842,0.7432103669132615,0,1,1,0,0,1,1,0,0,0,0,0,0,0,0,0,0,1,0,0,0,0,0,0,1,0,0,1,0
72,0,0.193717277486911,mercedes-benz,sedan,rwd,120.9,1.0,0.9743589743589746,0.7416666666666671,0.9356089992242048,0.9320754716981132,0.8999999999999999,0.6095238095238096,0.0625,0.6355140186915887,0.14285714285714285,0.027777777777777776,0.0,0.8897770716449034,0,1,1,0,1,0,1,0,0,0,0,0,0,0,0,0,0,1,0,0,0,0,0,0,1,0,0,1,0
73,1,0.193717277486911,mercedes-benz,hardtop,rwd,112.0,0.8671641791044775,1.0,0.6333333333333334,0.8638479441427463,0.9169811320754717,0.8999999999999999,0.6095238095238096,0.0625,0.6355140186915887,0.14285714285714285,0.027777777777777776,0.0,1.0,0,1,1,0,0,1,1,0,0,0,0,0,0,0,0,0,0,1,0,0,0,0,0,0,1,0,0,1,0
74,1,0.31413612565445026,mercury,hatchback,rwd,102.7,0.5567164179104479,0.6581196581196582,0.5833333333333334,0.5515903801396431,0.2981132075471698,0.8857142857142856,0.5000000000000001,0.0625,0.5934579439252337,0.3469387755102041,0.16666666666666666,0.21052631578947367,0.2826324412889132,0,1,0,1,0,1,0,0,1,0,0,0,0,0,0,1,0,0,0,0,0,0,0,0,1,0,0,1,0
75,2,0.5026178010471204,mitsubishi,hatchback,fwd,93.7,0.24179104477611965,0.35042735042735107,0.25,0.16679596586501164,0.1169811320754717,0.3071428571428573,0.5523809523809524,0.15000000000000002,0.09345794392523364,0.5510204081632653,0.6666666666666666,0.6578947368421053,0.006727570627079092,0,1,1,0,0,1,0,0,1,0,0,0,0,0,0,1,0,0,0,0,1,0,0,0,0,0,0,1,0
76,2,0.5026178010471204,mitsubishi,hatchback,fwd,93.7,0.24179104477611965,0.35042735042735107,0.25,0.1768813033359193,0.1169811320754717,0.3071428571428573,0.5523809523809524,0.15000000000000002,0.09345794392523364,0.5510204081632653,0.5,0.5789473684210527,0.026587557718087483,0,1,1,0,0,1,0,0,1,0,0,0,0,0,0,1,0,0,0,0,1,0,0,0,0,0,0,1,0
77,2,0.5026178010471204,mitsubishi,hatchback,fwd,93.7,0.24179104477611965,0.35042735042735107,0.25,0.20015515903801395,0.1169811320754717,0.3071428571428573,0.5523809523809524,0.15000000000000002,0.09345794392523364,0.5510204081632653,0.5,0.5789473684210527,0.038503549972692515,0,1,1,0,0,1,0,0,1,0,0,0,0,0,0,1,0,0,0,0,1,0,0,0,0,0,0,1,0
78,1,0.5026178010471204,mitsubishi,hatchback,fwd,93.0,0.24179104477611965,0.2991452991452991,0.25,0.2548487199379364,0.13962264150943396,0.34999999999999987,0.6285714285714287,0.03749999999999998,0.2523364485981308,0.5510204081632653,0.3055555555555556,0.3684210526315789,0.06382503351372822,0,1,0,1,0,1,0,0,1,0,0,0,0,0,0,1,0,0,0,0,0,0,0,0,0,1,0,1,0
79,3,0.4607329842931937,mitsubishi,hatchback,fwd,96.3,0.4761194029850747,0.4358974358974365,0.13333333333333344,0.3421256788207913,0.18490566037735848,0.44999999999999996,0.6619047619047619,0.03125,0.3177570093457944,0.5510204081632653,0.2777777777777778,0.3684210526315789,0.12017774688446453,0,1,0,1,0,1,0,0,1,0,0,0,0,0,0,1,0,0,0,0,0,0,0,0,0,1,0,1,0
80,3,0.4607329842931937,mitsubishi,hatchback,fwd,96.3,0.4761194029850747,0.4358974358974365,0.13333333333333344,0.32583397982932505,0.23018867924528302,0.5785714285714286,0.6619047619047619,0.09375,0.18691588785046728,0.3469387755102041,0.3333333333333333,0.42105263157894735,0.08393327044337422,0,1,1,0,0,1,0,0,1,0,0,0,0,0,0,1,0,0,0,0,1,0,0,0,0,0,0,1,0
81,3,0.42408376963350786,mitsubishi,hatchback,fwd,95.9,0.4791044776119402,0.5128205128205127,0.20000000000000048,0.521722265321955,0.3584905660377358,0.7428571428571429,0.8523809523809524,0.0,0.4532710280373832,0.3469387755102041,0.16666666666666666,0.21052631578947367,0.18646045380070503,0,1,0,1,0,1,0,0,1,0,0,0,0,0,0,1,0,0,0,0,0,0,0,0,0,1,0,1,0
82,3,0.42408376963350786,mitsubishi,hatchback,fwd,95.9,0.4791044776119402,0.5128205128205127,0.20000000000000048,0.5558572536850271,0.3584905660377358,0.7499999999999999,0.8523809523809524,0.0,0.4532710280373832,0.3469387755102041,0.16666666666666666,0.21052631578947367,0.24206841765552853,0,1,0,1,0,1,0,0,1,0,0,0,0,0,0,1,0,0,0,0,0,0,0,0,0,1,0,1,0
83,3,0.42408376963350786,mitsubishi,hatchback,fwd,95.9,0.4791044776119402,0.5128205128205127,0.20000000000000048,0.5577967416602017,0.3584905660377358,0.7499999999999999,0.8523809523809524,0.0,0.4532710280373832,0.3469387755102041,0.16666666666666666,0.21052631578947367,0.23263492378729952,0,1,0,1,0,1,0,0,1,0,0,0,0,0,0,1,0,0,0,0,0,0,0,0,0,1,0,1,0
84,1,0.31413612565445026,mitsubishi,sedan,fwd,96.3,0.4671641791044778,0.4358974358974365,0.31666666666666704,0.34018619084561674,0.23018867924528302,0.5785714285714286,0.6619047619047619,0.09375,0.18691588785046728,0.3469387755102041,0.3333333333333333,0.42105263157894735,0.046447544809095874,0,1,1,0,1,0,0,0,1,0,0,0,0,0,0,1,0,0,0,0,1,0,0,0,0,0,0,1,0
85,1,0.31413612565445026,mitsubishi,sedan,fwd,96.3,0.4671641791044778,0.4358974358974365,0.31666666666666704,0.3557020946470132,0.23018867924528302,0.5785714285714286,0.6619047619047619,0.09375,0.18691588785046728,0.3469387755102041,0.3333333333333333,0.42105263157894735,0.07623752544560847,0,1,1,0,1,0,0,0,1,0,0,0,0,0,0,1,0,0,0,0,1,0,0,0,0,0,0,1,0
86,1,0.31413612565445026,mitsubishi,sedan,fwd,96.3,0.4671641791044778,0.4358974358974365,0.31666666666666704,0.3549262994569434,0.18490566037735848,0.44999999999999996,0.6619047619047619,0.03125,0.3177570093457944,0.5510204081632653,0.2777777777777778,0.3684210526315789,0.10329675785710739,0,1,0,1,1,0,0,0,1,0,0,0,0,0,0,1,0,0,0,0,0,0,0,0,0,1,0,1,0
87,-1,0.3769633507853403,mitsubishi,sedan,fwd,96.3,0.4671641791044778,0.4358974358974365,0.31666666666666704,0.3549262994569434,0.18490566037735848,0.44999999999999996,0.6619047619047619,0.03125,0.3177570093457944,0.5510204081632653,0.2777777777777778,0.3684210526315789,0.10329675785710739,0,1,1,0,1,0,0,0,1,0,0,0,0,0,0,1,0,0,0,0,0,0,0,0,0,1,0,1,0
88,1,0.3298429319371728,nissan,sedan,fwd,94.5,0.3611940298507465,0.2991452991452991,0.5583333333333336,0.15554693560899924,0.13584905660377358,0.43571428571428567,0.580952380952381,0.15000000000000002,0.09813084112149532,0.42857142857142855,0.5,0.5526315789473685,0.009458318852092746,0,1,1,0,0,1,0,0,1,0,0,0,0,0,0,1,0,0,0,0,1,0,0,0,0,0,0,1,0
89,1,0.3298429319371728,nissan,sedan,fwd,94.5,0.3611940298507465,0.2991452991452991,0.5583333333333336,0.20519782777346782,0.15849056603773584,0.32142857142857156,0.6666666666666669,0.9312499999999999,0.03271028037383177,0.2653061224489796,0.8888888888888888,0.8947368421052632,0.049178293034109526,1,0,1,0,0,1,0,0,1,0,0,0,0,0,0,1,0,0,0,0,0,0,1,0,0,0,0,1,0
90,1,0.3298429319371728,nissan,sedan,fwd,94.5,0.3611940298507465,0.2991452991452991,0.5583333333333336,0.16679596586501164,0.13584905660377358,0.43571428571428567,0.580952380952381,0.15000000000000002,0.09813084112149532,0.42857142857142855,0.5,0.5526315789473685,0.03800705029541731,0,1,1,0,0,1,0,0,1,0,0,0,0,0,0,1,0,0,0,0,1,0,0,0,0,0,0,1,0
91,1,0.29842931937172773,nissan,sedan,fwd,94.5,0.3611940298507465,0.2991452991452991,0.5583333333333336,0.17455391776570986,0.13584905660377358,0.43571428571428567,0.580952380952381,0.15000000000000002,0.09813084112149532,0.42857142857142855,0.5,0.5526315789473685,0.04297204706816941,0,1,1,0,1,0,0,0,1,0,0,0,0,0,0,1,0,0,0,0,1,0,0,0,0,0,0,1,0
92,1,0.19895287958115182,nissan,wagon,fwd,94.5,0.43432835820895516,0.2991452991452991,0.47500000000000026,0.20791311093871218,0.13584905660377358,0.43571428571428567,0.580952380952381,0.15000000000000002,0.09813084112149532,0.42857142857142855,0.5,0.5526315789473685,0.05538453900004965,0,1,1,0,1,0,0,0,1,0,0,0,0,0,0,1,0,0,0,0,1,0,0,0,0,0,0,1,0
93,1,0.3298429319371728,nissan,sedan,fwd,94.5,0.3611940298507465,0.2991452991452991,0.5583333333333336,0.1795965865011637,0.13584905660377358,0.43571428571428567,0.580952380952381,0.15000000000000002,0.09813084112149532,0.42857142857142855,0.5,0.5526315789473685,0.05414328980686162,0,1,1,0,0,1,0,0,1,0,0,0,0,0,0,1,0,0,0,0,1,0,0,0,0,0,0,1,0
94,1,0.3298429319371728,nissan,hatchback,fwd,94.5,0.3656716417910448,0.2991452991452991,0.4583333333333333,0.20946470131885184,0.13584905660377358,0.43571428571428567,0.580952380952381,0.15000000000000002,0.09813084112149532,0.42857142857142855,0.5,0.5526315789473685,0.06655578173874187,0,1,1,0,0,1,0,0,1,0,0,0,0,0,0,1,0,0,0,0,1,0,0,0,0,0,0,1,0
95,1,0.29842931937172773,nissan,sedan,fwd,94.5,0.3611940298507465,0.2991452991452991,0.5583333333333336,0.18735453840186192,0.13584905660377358,0.43571428571428567,0.580952380952381,0.15000000000000002,0.09813084112149532,0.42857142857142855,0.5,0.5526315789473685,0.05910828657961372,0,1,1,0,1,0,0,0,1,0,0,0,0,0,0,1,0,0,0,0,1,0,0,0,0,0,0,1,0
96,1,0.19895287958115182,nissan,wagon,fwd,94.5,0.43432835820895516,0.2991452991452991,0.47500000000000026,0.212955779674166,0.13584905660377358,0.43571428571428567,0.580952380952381,0.15000000000000002,0.09813084112149532,0.42857142857142855,0.5,0.5526315789473685,0.07152077851149397,0,1,1,0,1,0,0,0,1,0,0,0,0,0,0,1,0,0,0,0,1,0,0,0,0,0,0,1,0
97,2,0.5392670157068062,nissan,hardtop,fwd,95.1,0.3179104477611942,0.2991452991452991,0.4583333333333333,0.2017067494181536,0.13584905660377358,0.43571428571428567,0.580952380952381,0.15000000000000002,0.09813084112149532,0.42857142857142855,0.5,0.5526315789473685,0.07772702447743408,0,1,1,0,0,1,0,0,1,0,0,0,0,0,0,1,0,0,0,0,1,0,0,0,0,0,0,1,0
98,0,0.21465968586387435,nissan,hatchback,fwd,97.2,0.4820895522388061,0.4188034188034192,0.5750000000000005,0.3242823894491854,0.22264150943396227,0.5642857142857144,0.6666666666666669,0.09375,0.22897196261682243,0.42857142857142855,0.3888888888888889,0.47368421052631576,0.09510451318206643,0,1,1,0,1,0,0,0,1,0,0,0,0,0,0,1,0,0,0,0,1,0,0,0,0,0,0,1,0
99,0,0.21465968586387435,nissan,sedan,fwd,97.2,0.4820895522388061,0.4188034188034192,0.5750000000000005,0.3157486423584174,0.22264150943396227,0.5642857142857144,0.6666666666666669,0.09375,0.22897196261682243,0.42857142857142855,0.3888888888888889,0.47368421052631576,0.10999950350032273,0,1,1,0,1,0,0,0,1,0,0,0,0,0,0,1,0,0,0,0,1,0,0,0,0,0,0,1,0
100,0,0.3298429319371728,nissan,sedan,fwd,100.4,0.6059701492537313,0.52991452991453,0.6083333333333337,0.6233514352211016,0.4528301886792453,0.6357142857142859,0.5714285714285715,0.125,0.48598130841121495,0.42857142857142855,0.1111111111111111,0.15789473684210525,0.20805818976217666,0,1,1,0,1,0,0,0,0,1,0,0,0,0,0,0,0,1,0,0,0,0,0,0,1,0,0,1,0
101,0,0.225130890052356,nissan,wagon,fwd,100.4,0.6492537313432836,0.52991452991453,0.691666666666667,0.7013188518231187,0.4528301886792453,0.6357142857142859,0.5714285714285715,0.125,0.48598130841121495,0.42857142857142855,0.1111111111111111,0.15789473684210525,0.2304006752395611,0,1,1,0,1,0,0,0,0,1,0,0,0,0,0,0,0,1,0,0,0,0,0,0,1,0,0,1,0
102,0,0.225130890052356,nissan,sedan,fwd,100.4,0.6492537313432836,0.52991452991453,0.6083333333333337,0.6097750193948798,0.4528301886792453,0.6357142857142859,0.5714285714285715,0.125,0.48598130841121495,0.42857142857142855,0.16666666666666666,0.23684210526315788,0.20805818976217666,0,1,1,0,1,0,0,0,0,1,0,0,0,0,0,0,0,1,0,0,0,0,0,0,1,0,0,1,0
103,3,0.675392670157068,nissan,hatchback,rwd,91.3,0.4417910447761193,0.6495726495726502,0.1583333333333338,0.6140418929402638,0.4528301886792453,0.6357142857142859,0.5714285714285715,0.125,0.5233644859813084,0.42857142857142855,0.16666666666666666,0.23684210526315788,0.2999106300580905,0,1,1,0,0,1,0,0,0,1,0,0,0,0,0,0,0,1,0,0,0,0,0,0,1,0,0,1,0
104,3,0.675392670157068,nissan,hatchback,rwd,91.3,0.4417910447761193,0.6495726495726502,0.1583333333333338,0.6404189294026377,0.4528301886792453,0.6357142857142859,0.5714285714285715,0.04999999999999999,0.7102803738317757,0.42857142857142855,0.1111111111111111,0.18421052631578946,0.3619730897174917,0,1,0,1,0,1,0,0,0,1,0,0,0,0,0,0,0,1,0,0,0,0,0,0,1,0,0,1,0
105,1,0.8691099476439791,nissan,hatchback,rwd,99.2,0.5582089552238807,0.6495726495726502,0.1583333333333338,0.6404189294026377,0.4528301886792453,0.6357142857142859,0.5714285714285715,0.125,0.5233644859813084,0.42857142857142855,0.16666666666666666,0.23684210526315788,0.32970061069460305,0,1,1,0,0,1,0,0,0,1,0,0,0,0,0,0,0,1,0,0,0,0,0,0,1,0,0,1,0
106,0,0.5026178010471204,peugot,sedan,rwd,107.9,0.6805970149253731,0.6923076923076928,0.7416666666666671,0.5942591155934833,0.22264150943396227,0.6571428571428571,0.5333333333333333,0.08750000000000002,0.22897196261682243,0.3469387755102041,0.16666666666666666,0.21052631578947367,0.16836304056402362,0,1,1,0,1,0,0,0,1,0,0,0,0,0,1,0,0,0,0,0,0,0,0,0,1,0,0,1,0
107,0,0.5026178010471204,peugot,sedan,rwd,107.9,0.6805970149253731,0.6923076923076928,0.7416666666666671,0.6629169899146625,0.3433962264150943,0.8285714285714287,0.6904761904761906,0.875,0.21962616822429906,0.0,0.4166666666666667,0.4473684210526316,0.20063551958691228,1,0,0,1,1,0,0,0,1,0,0,0,0,0,1,0,0,0,0,0,0,0,1,0,0,0,0,1,0
108,0,0.5026178010471204,peugot,wagon,rwd,114.2,0.8626865671641792,0.6923076923076928,0.9083333333333338,0.6757176105508146,0.22264150943396227,0.6571428571428571,0.5333333333333333,0.08750000000000002,0.22897196261682243,0.3469387755102041,0.16666666666666666,0.21052631578947367,0.1817685318504543,0,1,1,0,1,0,0,0,1,0,0,0,0,0,1,0,0,0,0,0,0,0,0,0,1,0,0,1,0
109,0,0.5026178010471204,peugot,wagon,rwd,114.2,0.8626865671641792,0.6923076923076928,0.9083333333333338,0.7532971295577967,0.3433962264150943,0.8285714285714287,0.6904761904761906,0.875,0.21962616822429906,0.0,0.3333333333333333,0.23684210526315788,0.2170200089369942,1,0,0,1,1,0,0,0,1,0,0,0,0,0,1,0,0,0,0,0,0,0,1,0,0,0,0,1,0
110,0,0.5026178010471204,peugot,sedan,rwd,107.9,0.6805970149253731,0.6923076923076928,0.7416666666666671,0.6155934833204034,0.22264150943396227,0.6571428571428571,0.05714285714285719,0.08750000000000002,0.21962616822429906,0.3469387755102041,0.16666666666666666,0.21052631578947367,0.25971898118266223,0,1,1,0,1,0,0,0,1,0,0,0,0,0,1,0,0,0,0,0,0,0,0,0,1,0,0,1,0
111,0,0.5026178010471204,peugot,sedan,rwd,107.9,0.6805970149253731,0.6923076923076928,0.7416666666666671,0.6842513576415826,0.3433962264150943,0.8285714285714287,0.6904761904761906,0.875,0.21962616822429906,0.0,0.4166666666666667,0.4473684210526316,0.29248795988282605,1,0,0,1,1,0,0,0,1,0,0,0,0,0,1,0,0,0,0,0,0,0,1,0,0,0,0,1,0
112,0,0.5026178010471204,peugot,wagon,rwd,114.2,0.8626865671641792,0.6923076923076928,0.7416666666666671,0.6970519782777347,0.22264150943396227,0.6571428571428571,0.05714285714285719,0.08750000000000002,0.21962616822429906,0.3469387755102041,0.16666666666666666,0.21052631578947367,0.2873988381907552,0,1,1,0,1,0,0,0,1,0,0,0,0,0,1,0,0,0,0,0,0,0,0,0,1,0,0,1,0
113,0,0.5026178010471204,peugot,wagon,rwd,114.2,0.8626865671641792,0.6923076923076928,0.9083333333333338,0.7746314972847168,0.3433962264150943,0.8285714285714287,0.6904761904761906,0.875,0.21962616822429906,0.0,0.3333333333333333,0.23684210526315788,0.2968323320589842,1,0,0,1,1,0,0,0,1,0,0,0,0,0,1,0,0,0,0,0,0,0,1,0,0,0,0,1,0
114,0,0.5026178010471204,peugot,sedan,rwd,107.9,0.6805970149253731,0.6923076923076928,0.7416666666666671,0.6155934833204034,0.22264150943396227,0.6571428571428571,0.5333333333333333,0.08750000000000002,0.22897196261682243,0.3469387755102041,0.16666666666666666,0.21052631578947367,0.28578521423961073,0,1,1,0,1,0,0,0,1,0,0,0,0,0,1,0,0,0,0,0,0,0,0,0,1,0,0,1,0
115,0,0.5026178010471204,peugot,sedan,rwd,107.9,0.6805970149253731,0.6923076923076928,0.7416666666666671,0.6842513576415826,0.3433962264150943,0.8285714285714287,0.6904761904761906,0.875,0.21962616822429906,0.0,0.4166666666666667,0.4473684210526316,0.3185541929397746,1,0,0,1,1,0,0,0,1,0,0,0,0,0,1,0,0,0,0,0,0,0,1,0,0,0,0,1,0
116,0,0.5026178010471204,peugot,sedan,rwd,108.0,0.6805970149253731,0.6837606837606836,0.6833333333333336,0.6369278510473235,0.27547169811320754,0.7642857142857142,0.5428571428571429,0.0,0.4392523364485981,0.5918367346938775,0.1388888888888889,0.21052631578947367,0.3235191897125267,0,1,0,1,1,0,0,0,1,0,0,0,0,0,1,0,0,0,0,0,0,0,0,0,1,0,0,1,0
117,1,0.28272251308900526,plymouth,hatchback,fwd,93.7,0.24179104477611965,0.2991452991452991,0.25,0.16679596586501164,0.10943396226415095,0.3071428571428573,0.5523809523809524,0.15000000000000002,0.09345794392523364,0.5510204081632653,0.6666666666666666,0.6578947368421053,0.011270542674147262,0,1,1,0,0,1,0,0,1,0,0,0,0,0,0,1,0,0,0,0,1,0,0,0,0,0,0,1,0
118,1,0.28272251308900526,plymouth,hatchback,fwd,93.7,0.24179104477611965,0.2991452991452991,0.25,0.2482544608223429,0.13962264150943396,0.34999999999999987,0.6285714285714287,0.03749999999999998,0.2523364485981308,0.5510204081632653,0.3055555555555556,0.3684210526315789,0.07047812918921603,0,1,0,1,0,1,0,0,1,0,0,0,0,0,0,1,0,0,0,0,0,0,0,0,0,1,0,1,0
119,1,0.46596858638743455,plymouth,hatchback,fwd,93.7,0.24179104477611965,0.2991452991452991,0.2333333333333337,0.18580294802172226,0.10943396226415095,0.3071428571428573,0.5523809523809524,0.15000000000000002,0.09345794392523364,0.5510204081632653,0.5,0.5789473684210527,0.0275805570726379,0,1,1,0,1,0,0,0,1,0,0,0,0,0,0,1,0,0,0,0,1,0,0,0,0,0,0,1,0
120,1,0.46596858638743455,plymouth,sedan,fwd,93.7,0.39104477611940325,0.2991452991452991,0.25,0.1943366951124903,0.10943396226415095,0.3071428571428573,0.5523809523809524,0.15000000000000002,0.09345794392523364,0.5510204081632653,0.5,0.5789473684210527,0.03907452460155901,0,1,1,0,1,0,0,0,1,0,0,0,0,0,0,1,0,0,0,0,1,0,0,0,0,0,0,1,0
121,1,0.46596858638743455,plymouth,sedan,fwd,93.7,0.39104477611940325,0.2991452991452991,0.25,0.2726920093095423,0.13962264150943396,0.3071428571428573,0.5523809523809524,0.15000000000000002,0.09345794392523364,0.5510204081632653,0.5,0.5789473684210527,0.06183903480462738,0,1,1,0,1,0,0,0,1,0,0,0,0,0,0,1,0,0,0,0,1,0,0,0,0,0,0,1,0
122,-1,0.04712041884816754,plymouth,wagon,fwd,103.3,0.5,0.3675213675213672,1.0,0.4061287820015516,0.23018867924528302,0.5785714285714286,0.6619047619047619,0.09375,0.18691588785046728,0.3469387755102041,0.3055555555555556,0.3684210526315789,0.09440941363388114,0,1,1,0,1,0,0,0,1,0,0,0,0,0,0,1,0,0,0,0,1,0,0,0,0,0,0,1,0
123,3,0.33507853403141363,plymouth,hatchback,rwd,95.9,0.4791044776119402,0.5128205128205127,0.20000000000000048,0.5159038013964313,0.3584905660377358,0.7499999999999999,0.8523809523809524,0.0,0.4532710280373832,0.3469387755102041,0.16666666666666666,0.21052631578947367,0.1898118266223127,0,1,0,1,0,1,0,0,1,0,0,0,0,0,0,1,0,0,0,0,0,0,0,0,0,1,0,1,0
124,3,0.6335078534031413,porsche,hatchback,rwd,94.5,0.41492537313432853,0.6837606837606836,0.20000000000000048,0.5003878975950349,0.33962264150943394,1.0,0.49523809523809526,0.15625,0.4439252336448598,0.5510204081632653,0.16666666666666666,0.2894736842105263,0.41954222729755225,0,1,1,0,0,1,0,0,1,0,0,0,0,0,0,1,0,0,0,0,0,0,0,0,1,0,0,1,0
125,3,0.6335078534031413,porsche,hardtop,rwd,89.5,0.41492537313432853,0.40170940170940184,0.31666666666666704,0.4918541505042669,0.5018867924528302,0.8571428571428573,0.3952380952380953,0.15625,0.7429906542056075,0.7142857142857143,0.1111111111111111,0.23684210526315788,0.680452807705675,0,1,1,0,0,1,0,0,0,1,0,0,0,0,0,0,1,0,0,0,0,0,0,0,1,0,0,0,1
126,3,0.6335078534031413,porsche,hardtop,rwd,89.5,0.41492537313432853,0.40170940170940184,0.31666666666666704,0.4918541505042669,0.5018867924528302,0.8571428571428573,0.3952380952380953,0.15625,0.7429906542056075,0.7142857142857143,0.1111111111111111,0.23684210526315788,0.7176902835013157,0,1,1,0,0,1,0,0,0,1,0,0,0,0,0,0,1,0,0,0,0,0,0,0,1,0,0,0,1
127,3,0.6335078534031413,porsche,convertible,rwd,89.5,0.41492537313432853,0.40170940170940184,0.31666666666666704,0.5089216446858029,0.5018867924528302,0.8571428571428573,0.3952380952380953,0.15625,0.7429906542056075,0.7142857142857143,0.1111111111111111,0.23684210526315788,0.7921652350925972,0,1,1,0,0,1,0,0,0,1,0,0,0,0,0,0,1,0,0,0,0,0,0,0,1,0,0,0,1
129,0,0.31413612565445026,renault,wagon,fwd,96.1,0.6029850746268658,0.52991452991453,0.6166666666666671,0.42319627618308764,0.2679245283018868,0.6571428571428571,0.8714285714285714,0.10624999999999996,0.2570093457943925,0.39510204081632655,0.2777777777777778,0.39473684210526316,0.10369395759892756,0,1,1,0,1,0,0,0,1,0,0,0,0,0,0,1,0,0,0,0,0,0,0,0,1,0,0,1,0
130,2,0.31413612565445026,renault,hatchback,fwd,96.1,0.5328358208955226,0.5384615384615381,0.22500000000000023,0.3770364623739333,0.2679245283018868,0.6571428571428571,0.8714285714285714,0.10624999999999996,0.2570093457943925,0.39510204081632655,0.2777777777777778,0.39473684210526316,0.11858894791718386,0,1,1,0,0,1,0,0,1,0,0,0,0,0,0,1,0,0,0,0,0,0,0,0,1,0,0,1,0
131,3,0.44502617801047123,saab,hatchback,fwd,99.1,0.6791044776119403,0.52991452991453,0.691666666666667,0.4538401861908456,0.22641509433962265,0.7142857142857143,0.47619047619047616,0.14437500000000003,0.2897196261682243,0.4489795918367347,0.2222222222222222,0.3157894736842105,0.1671217913708356,0,1,1,0,0,1,0,0,1,0,0,0,0,0,0,1,0,0,0,0,0,0,0,0,1,0,0,1,0
132,2,0.20418848167539266,saab,sedan,fwd,99.1,0.6791044776119403,0.52991452991453,0.691666666666667,0.4681923972071373,0.22641509433962265,0.7142857142857143,0.47619047619047616,0.14375000000000004,0.2897196261682243,0.4489795918367347,0.2222222222222222,0.3157894736842105,0.17506578620723898,0,1,1,0,1,0,0,0,1,0,0,0,0,0,0,1,0,0,0,0,0,0,0,0,1,0,0,1,0
133,3,0.44502617801047123,saab,hatchback,fwd,99.1,0.6791044776119403,0.52991452991453,0.691666666666667,0.47284716834755625,0.22641509433962265,0.0,0.0,0.14375000000000004,0.2897196261682243,0.4489795918367347,0.2222222222222222,0.3157894736842105,0.24631348989623156,0,1,1,0,0,1,0,0,1,0,0,0,0,0,0,1,0,0,0,0,0,0,0,0,1,0,0,1,0
134,2,0.20418848167539266,saab,sedan,fwd,99.1,0.6791044776119403,0.52991452991453,0.691666666666667,0.4926299456943367,0.22641509433962265,0.7142857142857143,0.47619047619047616,0.14375000000000004,0.2897196261682243,0.4489795918367347,0.2222222222222222,0.3157894736842105,0.257981232312199,0,1,1,0,1,0,0,0,1,0,0,0,0,0,0,1,0,0,0,0,0,0,0,0,1,0,0,1,0
135,3,0.44502617801047123,saab,hatchback,fwd,99.1,0.6791044776119403,0.52991452991453,0.691666666666667,0.5120248254460822,0.22641509433962265,0.7142857142857143,0.47619047619047616,0.125,0.5233644859813084,0.5510204081632653,0.16666666666666666,0.2631578947368421,0.3235191897125267,0,1,0,1,0,1,0,0,1,0,0,0,0,1,0,0,0,0,0,0,0,0,0,0,1,0,0,1,0
136,2,0.20418848167539266,saab,sedan,fwd,99.1,0.6791044776119403,0.52991452991453,0.691666666666667,0.5271528316524438,0.22641509433962265,0.7142857142857143,0.47619047619047616,0.125,0.5233644859813084,0.5510204081632653,0.16666666666666666,0.2631578947368421,0.3351869321284941,0,1,0,1,1,0,0,0,1,0,0,0,0,1,0,0,0,0,0,0,0,0,0,0,1,0,0,1,0
137,2,0.09424083769633508,subaru,hatchback,fwd,93.7,0.23582089552238822,0.264957264957265,0.49166666666666714,0.21799844840961985,0.13584905660377358,0.7714285714285716,0.1380952380952381,0.125,0.09813084112149532,0.30612244897959184,0.5,0.5263157894736842,0.0,0,1,1,0,0,1,0,0,1,0,0,0,0,0,0,0,1,0,0,0,1,0,0,0,0,0,0,1,0
138,2,0.09424083769633508,subaru,hatchback,fwd,93.7,0.25074626865671656,0.2820512820512823,0.49166666666666714,0.2451512800620636,0.17735849056603772,0.7714285714285716,0.2714285714285716,0.10624999999999996,0.11682242990654206,0.10204081632653061,0.3611111111111111,0.39473684210526316,0.04803634377637655,0,1,1,0,0,1,0,0,1,0,0,0,0,0,0,0,1,0,0,0,1,0,0,0,0,0,0,1,0
139,2,0.09424083769633508,subaru,hatchback,4wd,93.3,0.24179104477611965,0.2991452991452991,0.6583333333333338,0.2916989914662529,0.17735849056603772,0.7714285714285716,0.2714285714285716,0.10624999999999996,0.11682242990654206,0.10204081632653061,0.3611111111111111,0.39473684210526316,0.061690084901444814,0,1,1,0,0,1,0,0,1,0,0,0,0,0,0,0,1,0,0,0,1,0,0,0,0,0,0,1,0
140,0,0.193717277486911,subaru,sedan,fwd,97.2,0.46119402985074637,0.4358974358974365,0.3916666666666669,0.2548487199379364,0.17735849056603772,0.7714285714285716,0.2714285714285716,0.15625,0.1588785046728972,0.2653061224489796,0.5277777777777778,0.5526315789473685,0.04984856759843106,0,1,1,0,1,0,0,0,1,0,0,0,0,0,0,0,1,0,0,0,1,0,0,0,0,0,0,1,0
141,0,0.193717277486911,subaru,sedan,fwd,97.2,0.46119402985074637,0.4358974358974365,0.3916666666666669,0.27230411171450736,0.17735849056603772,0.7714285714285716,0.2714285714285716,0.15625,0.1588785046728972,0.10204081632653061,0.4166666666666667,0.4473684210526316,0.06595998212601162,0,1,1,0,1,0,0,0,1,0,0,0,0,0,0,0,1,0,0,0,1,0,0,0,0,0,0,1,0
142,0,0.193717277486911,subaru,sedan,fwd,97.2,0.46119402985074637,0.4358974358974365,0.3916666666666669,0.330488750969744,0.17735849056603772,0.7714285714285716,0.2714285714285716,0.125,0.21495327102803738,0.42857142857142855,0.3611111111111111,0.42105263157894735,0.12020257186832829,0,1,1,0,1,0,0,0,1,0,0,0,0,0,0,0,1,0,0,0,0,0,0,0,1,0,0,1,0
143,0,0.193717277486911,subaru,sedan,4wd,97.0,0.46119402985074637,0.4358974358974365,0.5416666666666666,0.34794414274631497,0.17735849056603772,0.7714285714285716,0.2714285714285716,0.125,0.1588785046728972,0.2653061224489796,0.3055555555555556,0.23684210526315788,0.10215480859937441,0,1,1,0,1,0,0,0,1,0,0,0,0,0,0,0,1,0,0,0,1,0,0,0,0,0,0,1,0
144,0,0.193717277486911,subaru,sedan,4wd,97.0,0.46119402985074637,0.4358974358974365,0.5416666666666666,0.3964313421256788,0.17735849056603772,0.7714285714285716,0.2714285714285716,0.04375000000000001,0.29439252336448596,0.2653061224489796,0.3055555555555556,0.34210526315789475,0.15245022590735316,0,1,0,1,1,0,0,0,1,0,0,0,0,0,0,0,1,0,0,0,0,0,0,0,1,0,0,1,0
145,0,0.1256544502617801,subaru,wagon,fwd,97.0,0.4835820895522389,0.4358974358974365,0.43333333333333357,0.3110938712179985,0.17735849056603772,0.7714285714285716,0.2714285714285716,0.125,0.1588785046728972,0.2653061224489796,0.4166666666666667,0.42105263157894735,0.05821458716051835,0,1,1,0,1,0,0,0,1,0,0,0,0,0,0,0,1,0,0,0,1,0,0,0,0,0,0,1,0
146,0,0.1256544502617801,subaru,wagon,fwd,97.0,0.4835820895522389,0.4358974358974365,0.43333333333333357,0.3750969743987587,0.17735849056603772,0.7714285714285716,0.2714285714285716,0.125,0.21495327102803738,0.42857142857142855,0.3333333333333333,0.39473684210526316,0.12611091802790328,0,1,1,0,1,0,0,0,1,0,0,0,0,0,0,0,1,0,0,0,0,0,0,0,1,0,0,1,0
147,0,0.10471204188481675,subaru,wagon,4wd,96.9,0.48507462686567165,0.4358974358974365,0.5916666666666668,0.36152055857253684,0.17735849056603772,0.7714285714285716,0.2714285714285716,0.125,0.1588785046728972,0.2653061224489796,0.2777777777777778,0.34210526315789475,0.07186832828558662,0,1,1,0,1,0,0,0,1,0,0,0,0,0,0,0,1,0,0,0,1,0,0,0,0,0,0,1,0
148,0,0.10471204188481675,subaru,wagon,4wd,96.9,0.48507462686567165,0.4358974358974365,0.5916666666666668,0.45073700543056633,0.17735849056603772,0.7714285714285716,0.2714285714285716,0.04375000000000001,0.29439252336448596,0.2653061224489796,0.2777777777777778,0.18421052631578946,0.16324909388808898,0,1,0,1,1,0,0,0,1,0,0,0,0,0,0,0,1,0,0,0,0,0,0,0,1,0,0,1,0
149,1,0.11518324607329843,toyota,hatchback,fwd,95.7,0.26268656716417904,0.2820512820512823,0.5583333333333336,0.19278510473235067,0.1169811320754717,0.36428571428571416,0.45714285714285713,0.125,0.06542056074766354,0.2653061224489796,0.6111111111111112,0.6052631578947368,0.005709746288664912,0,1,1,0,0,1,0,0,1,0,0,0,0,0,0,1,0,0,0,0,1,0,0,0,0,0,0,1,0
150,1,0.11518324607329843,toyota,hatchback,fwd,95.7,0.26268656716417904,0.2820512820512823,0.5583333333333336,0.21411947245927077,0.1169811320754717,0.36428571428571416,0.45714285714285713,0.125,0.06542056074766354,0.2653061224489796,0.5,0.5789473684210527,0.030286480313787795,0,1,1,0,0,1,0,0,1,0,0,0,0,0,0,1,0,0,0,0,1,0,0,0,0,0,0,1,0
151,1,0.04712041884816754,toyota,hatchback,fwd,95.7,0.26268656716417904,0.2820512820512823,0.5583333333333336,0.20442203258339797,0.1169811320754717,0.36428571428571416,0.45714285714285713,0.125,0.06542056074766354,0.2653061224489796,0.5,0.5789473684210527,0.03401022789335187,0,1,1,0,1,0,0,0,1,0,0,0,0,0,0,1,0,0,0,0,1,0,0,0,0,0,0,1,0
152,0,0.06282722513089005,toyota,wagon,fwd,95.7,0.42686567164179096,0.2820512820512823,0.941666666666667,0.30721489526764933,0.1169811320754717,0.36428571428571416,0.45714285714285713,0.125,0.06542056074766354,0.2653061224489796,0.5,0.5526315789473685,0.04468497095476888,0,1,1,0,1,0,0,0,1,0,0,0,0,0,0,1,0,0,0,0,1,0,0,0,0,0,0,1,0
153,0,0.08376963350785341,toyota,wagon,4wd,95.7,0.42686567164179096,0.2820512820512823,0.941666666666667,0.3110938712179985,0.1169811320754717,0.36428571428571416,0.45714285714285713,0.125,0.06542056074766354,0.2653061224489796,0.3888888888888889,0.42105263157894735,0.06901345514125416,0,1,1,0,1,0,0,0,1,0,0,0,0,0,0,1,0,0,0,0,1,0,0,0,0,0,0,1,0
154,0,0.13612565445026178,toyota,wagon,4wd,95.7,0.42686567164179096,0.2820512820512823,0.941666666666667,0.6291698991466252,0.1169811320754717,0.36428571428571416,0.45714285714285713,0.125,0.06542056074766354,0.2653061224489796,0.3888888888888889,0.42105263157894735,0.09085944094136339,0,1,1,0,1,0,0,0,1,0,0,0,0,0,0,1,0,0,0,0,1,0,0,0,0,0,0,1,0
155,0,0.13612565445026178,toyota,sedan,fwd,95.7,0.3761194029850749,0.35042735042735107,0.43333333333333357,0.2300232738557021,0.13962264150943396,0.46428571428571425,0.45714285714285713,0.125,0.102803738317757,0.2653061224489796,0.4722222222222222,0.5526315789473685,0.04518147063204409,0,1,1,0,1,0,0,0,1,0,0,0,0,0,0,1,0,0,0,0,1,0,0,0,0,0,0,1,0
156,0,0.13612565445026178,toyota,hatchback,fwd,95.7,0.3761194029850749,0.35042735042735107,0.4166666666666667,0.24088440651667958,0.13962264150943396,0.46428571428571425,0.45714285714285713,0.125,0.102803738317757,0.2653061224489796,0.4722222222222222,0.5526315789473685,0.051635966436621814,0,1,1,0,1,0,0,0,1,0,0,0,0,0,0,1,0,0,0,0,1,0,0,0,0,0,0,1,0
157,0,0.13612565445026178,toyota,sedan,fwd,95.7,0.3761194029850749,0.35042735042735107,0.43333333333333357,0.30527540729247477,0.18490566037735848,0.5214285714285715,0.6095238095238096,0.96875,0.037383177570093455,0.14285714285714285,0.5833333333333334,0.5263157894736842,0.06901345514125416,1,0,1,0,1,0,0,0,1,0,0,0,0,0,0,1,0,0,0,0,0,0,1,0,0,0,0,1,0
158,0,0.13612565445026178,toyota,hatchback,fwd,95.7,0.3761194029850749,0.35042735042735107,0.4166666666666667,0.30527540729247477,0.18490566037735848,0.5214285714285715,0.6095238095238096,0.96875,0.037383177570093455,0.14285714285714285,0.6944444444444444,0.8157894736842105,0.06628270691624051,1,0,1,0,1,0,0,0,1,0,0,0,0,0,0,1,0,0,0,0,0,0,1,0,0,0,0,1,0
159,0,0.13612565445026178,toyota,sedan,fwd,95.7,0.3761194029850749,0.35042735042735107,0.43333333333333357,0.23506594259115593,0.13962264150943396,0.46428571428571425,0.45714285714285713,0.125,0.102803738317757,0.2653061224489796,0.6944444444444444,0.8157894736842105,0.06504145772305248,0,1,1,0,1,0,0,0,1,0,0,0,0,0,0,1,0,0,0,0,1,0,0,0,0,0,0,1,0
160,0,0.13612565445026178,toyota,hatchback,fwd,95.7,0.3761194029850749,0.35042735042735107,0.4166666666666667,0.24592707525213345,0.13962264150943396,0.46428571428571425,0.45714285714285713,0.125,0.102803738317757,0.2653061224489796,0.4166666666666667,0.47368421052631576,0.08043294771858399,0,1,1,0,1,0,0,0,1,0,0,0,0,0,0,1,0,0,0,0,1,0,0,0,0,0,0,1,0
161,0,0.13612565445026178,toyota,sedan,fwd,95.7,0.3761194029850749,0.35042735042735107,0.4166666666666667,0.2529092319627618,0.13962264150943396,0.46428571428571425,0.45714285714285713,0.125,0.102803738317757,0.2653061224489796,0.4166666666666667,0.47368421052631576,0.10277543319596842,0,1,1,0,1,0,0,0,1,0,0,0,0,0,0,1,0,0,0,0,1,0,0,0,0,0,0,1,0
162,1,0.5392670157068062,toyota,sedan,rwd,94.5,0.4119402985074626,0.3162393162393164,0.40000000000000036,0.26415826221877425,0.13962264150943396,0.46428571428571425,0.45714285714285713,0.125,0.102803738317757,0.2653061224489796,0.4444444444444444,0.47368421052631576,0.07298545255945584,0,1,1,0,0,1,0,0,1,0,0,0,0,0,0,1,0,0,0,0,1,0,0,0,0,0,0,1,0
163,1,0.5392670157068062,toyota,hatchback,rwd,94.5,0.4119402985074626,0.3162393162393164,0.40000000000000036,0.27773467804499613,0.13962264150943396,0.46428571428571425,0.45714285714285713,0.125,0.102803738317757,0.2653061224489796,0.4444444444444444,0.47368421052631576,0.07745394965493273,0,1,1,0,0,1,0,0,1,0,0,0,0,0,0,1,0,0,0,0,1,0,0,0,0,0,0,1,0
164,1,0.5392670157068062,toyota,sedan,rwd,94.5,0.4119402985074626,0.3162393162393164,0.40000000000000036,0.3013964313421257,0.13962264150943396,0.5000000000000001,0.480952380952381,0.15000000000000002,0.29906542056074764,1.0,0.3611111111111111,0.34210526315789475,0.10376843255051885,0,1,1,0,0,1,0,0,1,0,0,0,0,1,0,0,0,0,0,0,0,0,0,0,1,0,0,1,0
165,1,0.5392670157068062,toyota,hatchback,rwd,94.5,0.4119402985074626,0.3162393162393164,0.40000000000000036,0.31497284716834756,0.13962264150943396,0.5000000000000001,0.480952380952381,0.15000000000000002,0.29906542056074764,1.0,0.3611111111111111,0.34210526315789475,0.10972642867782136,0,1,1,0,0,1,0,0,1,0,0,0,0,1,0,0,0,0,0,0,0,0,0,0,1,0,0,1,0
166,2,0.3612565445026178,toyota,hardtop,rwd,98.4,0.5238805970149253,0.45299145299145266,0.35000000000000026,0.40806826997672613,0.32075471698113206,0.7714285714285716,0.680952380952381,0.14375000000000004,0.3177570093457944,0.2653061224489796,0.3055555555555556,0.3684210526315789,0.08269202125018618,0,1,1,0,0,1,0,0,1,0,0,0,0,0,0,1,0,0,0,0,0,0,0,0,1,0,0,1,0
167,2,0.3612565445026178,toyota,hardtop,rwd,98.4,0.5238805970149253,0.45299145299145266,0.35000000000000026,0.4065166795965865,0.32075471698113206,0.7714285714285716,0.680952380952381,0.14375000000000004,0.3177570093457944,0.2653061224489796,0.3055555555555556,0.3684210526315789,0.11223375204806117,0,1,1,0,0,1,0,0,1,0,0,0,0,0,0,1,0,0,0,0,0,0,0,0,1,0,0,1,0
168,2,0.3612565445026178,toyota,hatchback,rwd,98.4,0.5238805970149253,0.45299145299145266,0.35000000000000026,0.41233514352211015,0.32075471698113206,0.7714285714285716,0.680952380952381,0.14375000000000004,0.3177570093457944,0.2653061224489796,0.3055555555555556,0.3684210526315789,0.12092249640037733,0,1,1,0,0,1,0,0,1,0,0,0,0,0,0,1,0,0,0,0,0,0,0,0,1,0,0,1,0
169,2,0.3612565445026178,toyota,hardtop,rwd,98.4,0.5238805970149253,0.45299145299145266,0.35000000000000026,0.46198603568657876,0.32075471698113206,0.7714285714285716,0.680952380952381,0.14375000000000004,0.3177570093457944,0.2653061224489796,0.3055555555555556,0.3684210526315789,0.15096072687552753,0,1,1,0,0,1,0,0,1,0,0,0,0,0,0,1,0,0,0,0,0,0,0,0,1,0,0,1,0
170,2,0.3612565445026178,toyota,hatchback,rwd,98.4,0.5238805970149253,0.45299145299145266,0.35000000000000026,0.47556245151280063,0.32075471698113206,0.7714285714285716,0.680952380952381,0.14375000000000004,0.3177570093457944,0.2653061224489796,0.3055555555555556,0.3684210526315789,0.1596494712278437,0,1,1,0,0,1,0,0,1,0,0,0,0,0,0,1,0,0,0,0,0,0,0,0,1,0,0,1,0
171,2,0.3612565445026178,toyota,convertible,rwd,98.4,0.5238805970149253,0.45299145299145266,0.43333333333333357,0.5768037238169124,0.32075471698113206,0.7714285714285716,0.680952380952381,0.14375000000000004,0.3177570093457944,0.2653061224489796,0.3055555555555556,0.3684210526315789,0.3115783724740579,0,1,1,0,0,1,0,0,1,0,0,0,0,0,0,1,0,0,0,0,0,0,0,0,1,0,0,1,0
172,-1,0.0,toyota,sedan,fwd,102.4,0.5149253731343284,0.52991452991453,0.5916666666666668,0.32505818463925523,0.23018867924528302,0.55,0.7000000000000001,0.10624999999999996,0.205607476635514,0.02040816326530612,0.4444444444444444,0.47368421052631576,0.09507968819820267,0,1,1,0,1,0,0,0,1,0,0,0,0,0,0,1,0,0,0,0,0,0,0,0,1,0,0,1,0
173,-1,0.0,toyota,sedan,fwd,102.4,0.5149253731343284,0.52991452991453,0.5916666666666668,0.3847944142746315,0.18490566037735848,0.5214285714285715,0.6095238095238096,0.96875,0.11682242990654206,0.14285714285714285,0.4722222222222222,0.4473684210526316,0.13852340995978352,1,0,0,1,1,0,0,0,1,0,0,0,0,0,0,1,0,0,0,0,0,0,1,0,0,0,0,1,0
174,-1,0.0,toyota,hatchback,fwd,102.4,0.5149253731343284,0.52991452991453,0.5083333333333334,0.3591931730023274,0.23018867924528302,0.55,0.7000000000000001,0.10624999999999996,0.205607476635514,0.02040816326530612,0.3888888888888889,0.42105263157894735,0.12089767141651359,0,1,1,0,1,0,0,0,1,0,0,0,0,0,0,1,0,0,0,0,0,0,0,0,1,0,0,1,0
175,-1,0.0,toyota,sedan,fwd,102.4,0.5149253731343284,0.52991452991453,0.5916666666666668,0.3591931730023274,0.23018867924528302,0.55,0.7000000000000001,0.10624999999999996,0.205607476635514,0.02040816326530612,0.3888888888888889,0.42105263157894735,0.14348840673253563,0,1,1,0,1,0,0,0,1,0,0,0,0,0,0,1,0,0,0,0,0,0,0,0,1,0,0,1,0
176,-1,0.0,toyota,hatchback,fwd,102.4,0.5149253731343284,0.52991452991453,0.5083333333333334,0.3762606671838635,0.23018867924528302,0.55,0.7000000000000001,0.10624999999999996,0.205607476635514,0.02040816326530612,0.3888888888888889,0.42105263157894735,0.1521771510848518,0,1,1,0,1,0,0,0,1,0,0,0,0,0,0,1,0,0,0,0,0,0,0,0,1,0,0,1,0
177,3,0.6910994764397905,toyota,hatchback,rwd,102.9,0.6328358208955225,0.6324786324786328,0.35000000000000026,0.5771916214119472,0.41509433962264153,0.5214285714285715,0.6095238095238096,0.14375000000000004,0.5280373831775701,0.42857142857142855,0.19444444444444445,0.21052631578947367,0.28399781540142,0,1,1,0,0,1,0,0,0,1,0,0,0,1,0,0,0,0,0,0,0,0,0,0,1,0,0,1,0
178,3,0.6910994764397905,toyota,hatchback,rwd,102.9,0.6328358208955225,0.6324786324786328,0.35000000000000026,0.5927075252133437,0.41509433962264153,0.5214285714285715,0.6095238095238096,0.14375000000000004,0.5280373831775701,0.42857142857142855,0.16666666666666666,0.21052631578947367,0.2700958244377141,0,1,1,0,0,1,0,0,0,1,0,0,0,1,0,0,0,0,0,0,0,0,0,0,1,0,0,1,0
179,-1,0.13089005235602094,toyota,sedan,rwd,104.5,0.6970149253731346,0.52991452991453,0.5250000000000004,0.6373157486423584,0.41509433962264153,0.5214285714285715,0.6095238095238096,0.13749999999999996,0.5046728971962616,0.42857142857142855,0.19444444444444445,0.21052631578947367,0.26244972940767586,0,1,1,0,1,0,0,0,0,1,0,0,0,1,0,0,0,0,0,0,0,0,0,0,1,0,0,1,0
180,-1,0.2356020942408377,toyota,wagon,rwd,104.5,0.6970149253731346,0.52991452991453,0.5250000000000004,0.6450737005430567,0.37735849056603776,0.5214285714285715,0.6095238095238096,0.13749999999999996,0.5046728971962616,0.42857142857142855,0.16666666666666666,0.21052631578947367,0.2639392284395015,0,1,1,0,1,0,0,0,0,1,0,0,0,1,0,0,0,0,0,0,0,0,0,0,1,0,0,1,0
181,2,0.29842931937172773,volkswagen,sedan,fwd,97.3,0.4567164179104477,0.4444444444444446,0.6583333333333338,0.29984484096198605,0.13584905660377358,0.3357142857142856,0.6333333333333333,1.0,0.018691588785046728,0.2653061224489796,0.6666666666666666,0.7894736842105263,0.06595998212601162,1,0,1,0,0,1,0,0,1,0,0,0,0,0,0,1,0,0,0,0,0,0,1,0,0,0,0,1,0
182,2,0.29842931937172773,volkswagen,sedan,fwd,97.3,0.4567164179104477,0.4444444444444446,0.6583333333333338,0.2796741660201707,0.1811320754716981,0.46428571428571425,0.6333333333333333,0.125,0.17289719626168223,0.4489795918367347,0.3888888888888889,0.47368421052631576,0.07092497889876372,0,1,1,0,0,1,0,0,1,0,0,0,0,0,0,1,0,0,0,0,0,0,0,0,1,0,0,1,0
183,2,0.1518324607329843,volkswagen,sedan,fwd,97.3,0.4567164179104477,0.4444444444444446,0.6583333333333338,0.30100853374709075,0.13584905660377358,0.3357142857142856,0.6333333333333333,1.0,0.018691588785046728,0.2653061224489796,0.6666666666666666,0.7894736842105263,0.07142147857603892,1,0,1,0,1,0,0,0,1,0,0,0,0,0,0,1,0,0,0,0,0,0,1,0,0,0,0,1,0
184,2,0.1518324607329843,volkswagen,sedan,fwd,97.3,0.4567164179104477,0.4444444444444446,0.6583333333333338,0.2808378588052754,0.1811320754716981,0.46428571428571425,0.6333333333333333,0.125,0.17289719626168223,0.4489795918367347,0.3888888888888889,0.47368421052631576,0.07638647534879102,0,1,1,0,1,0,0,0,1,0,0,0,0,0,0,1,0,0,0,0,0,0,0,0,1,0,0,1,0
185,2,0.1518324607329843,volkswagen,sedan,fwd,97.3,0.4567164179104477,0.4444444444444446,0.6583333333333338,0.30527540729247477,0.1811320754716981,0.46428571428571425,0.6333333333333333,0.125,0.17289719626168223,0.4489795918367347,0.3888888888888889,0.47368421052631576,0.08383397050791917,0,1,1,0,1,0,0,0,1,0,0,0,0,0,0,1,0,0,0,0,0,0,0,0,1,0,0,1,0
186,2,0.1518324607329843,volkswagen,sedan,fwd,97.3,0.4567164179104477,0.4444444444444446,0.6583333333333338,0.32234290147401085,0.13584905660377358,0.3357142857142856,0.6333333333333333,1.0,0.09345794392523364,0.14285714285714285,0.6666666666666666,0.6842105263157895,0.10865895437167966,1,0,0,1,1,0,0,0,1,0,0,0,0,0,0,1,0,0,0,0,0,0,1,0,0,0,0,1,0
187,2,0.1518324607329843,volkswagen,sedan,fwd,97.3,0.4567164179104477,0.4444444444444446,0.6583333333333338,0.31497284716834756,0.1811320754716981,0.46428571428571425,0.6333333333333333,0.1875,0.24299065420560748,0.5510204081632653,0.3611111111111111,0.42105263157894735,0.1210714463035599,0,1,1,0,1,0,0,0,1,0,0,0,0,0,0,1,0,0,0,0,0,0,0,0,1,0,0,1,0
188,3,0.2931937172774869,volkswagen,convertible,fwd,94.5,0.27164179104477637,0.33333333333333376,0.6500000000000004,0.29712955779674166,0.1811320754716981,0.46428571428571425,0.6333333333333333,0.09375,0.19626168224299065,0.5510204081632653,0.3055555555555556,0.34210526315789475,0.16079142048557668,0,1,1,0,0,1,0,0,1,0,0,0,0,0,0,1,0,0,0,0,0,0,0,0,1,0,0,1,0
189,3,1.0,volkswagen,hatchback,fwd,94.5,0.3671641791044775,0.3162393162393164,0.3000000000000001,0.2843289371605896,0.1811320754716981,0.46428571428571425,0.6333333333333333,0.09375,0.19626168224299065,0.5510204081632653,0.3055555555555556,0.34210526315789475,0.1206990715456035,0,1,1,0,0,1,0,0,1,0,0,0,0,0,0,1,0,0,0,0,0,0,0,0,1,0,0,1,0
190,0,0.2931937172774869,volkswagen,sedan,fwd,100.4,0.5835820895522387,0.5641025641025647,0.6083333333333337,0.45500387897595035,0.2830188679245283,0.46428571428571425,0.6333333333333333,0.09375,0.2897196261682243,0.5510204081632653,0.16666666666666666,0.21052631578947367,0.2029938930539695,0,1,1,0,1,0,0,1,0,0,0,0,0,0,0,1,0,0,0,0,0,0,0,0,1,0,0,1,0
191,0,0.2931937172774869,volkswagen,sedan,fwd,100.4,0.5835820895522387,0.5641025641025647,0.6083333333333337,0.42319627618308764,0.13584905660377358,0.3357142857142856,0.6333333333333333,1.0,0.09345794392523364,0.14285714285714285,0.5555555555555556,0.5789473684210527,0.2166476341790378,1,0,0,1,1,0,0,0,1,0,0,0,0,0,0,1,0,0,0,0,0,0,1,0,0,0,0,1,0
192,0,0.2931937172774869,volkswagen,wagon,fwd,100.4,0.6268656716417911,0.5641025641025647,0.6083333333333337,0.4169899146625291,0.1811320754716981,0.46428571428571425,0.6333333333333333,0.125,0.18691588785046728,0.5510204081632653,0.3333333333333333,0.39473684210526316,0.1780447842708902,0,1,1,0,1,0,0,0,1,0,0,0,0,0,0,1,0,0,0,0,0,0,0,0,1,0,0,1,0
193,-2,0.19895287958115182,volvo,sedan,rwd,104.3,0.711940298507463,0.5897435897435901,0.7000000000000005,0.552366175329713,0.3018867924528302,0.8857142857142856,0.5142857142857143,0.15625,0.308411214953271,0.5102040816326531,0.2777777777777778,0.3157894736842105,0.19418102378233454,0,1,1,0,1,0,0,0,1,0,0,0,0,0,0,1,0,0,0,0,0,0,0,0,1,0,0,1,0
194,-1,0.04712041884816754,volvo,wagon,rwd,104.3,0.711940298507463,0.5897435897435901,0.8083333333333336,0.5996896819239721,0.3018867924528302,0.8857142857142856,0.5142857142857143,0.15625,0.308411214953271,0.5102040816326531,0.2777777777777778,0.3157894736842105,0.20597289111762077,0,1,1,0,1,0,0,0,1,0,0,0,0,0,0,1,0,0,0,0,0,0,0,0,1,0,0,1,0
195,-2,0.19895287958115182,volvo,sedan,rwd,104.3,0.711940298507463,0.5897435897435901,0.7000000000000005,0.5612878200155159,0.3018867924528302,0.8857142857142856,0.5142857142857143,0.15625,0.308411214953271,0.5102040816326531,0.3055555555555556,0.3157894736842105,0.26977309964748525,0,1,1,0,1,0,0,0,1,0,0,0,0,0,0,1,0,0,0,0,0,0,0,0,1,0,0,1,0
196,-1,0.04712041884816754,volvo,wagon,rwd,104.3,0.711940298507463,0.5897435897435901,0.8083333333333336,0.6027928626842514,0.3018867924528302,0.8857142857142856,0.5142857142857143,0.15625,0.308411214953271,0.5102040816326531,0.3055555555555556,0.3157894736842105,0.2829303410952783,0,1,1,0,1,0,0,0,1,0,0,0,0,0,0,1,0,0,0,0,0,0,0,0,1,0,0,1,0
197,-2,0.19895287958115182,volvo,sedan,rwd,104.3,0.711940298507463,0.5897435897435901,0.7000000000000005,0.6039565554693561,0.26037735849056604,0.7714285714285716,0.5142857142857143,0.03125,0.5327102803738317,0.3877551020408163,0.1111111111111111,0.15789473684210525,0.330221935355742,0,1,0,1,1,0,0,0,1,0,0,0,0,0,0,1,0,0,0,0,0,0,0,0,1,0,0,1,0
198,-1,0.04712041884816754,volvo,wagon,rwd,104.3,0.711940298507463,0.5897435897435901,0.8083333333333336,0.6474010861132661,0.26037735849056604,0.7714285714285716,0.5142857142857143,0.03125,0.5327102803738317,0.3877551020408163,0.1111111111111111,0.15789473684210525,0.3433791768035351,0,1,0,1,1,0,0,0,1,0,0,0,0,0,0,1,0,0,0,0,0,0,0,0,1,0,0,1,0
199,-1,0.15706806282722513,volvo,sedan,rwd,109.1,0.711940298507463,0.7350427350427355,0.6416666666666669,0.5678820791311094,0.3018867924528302,0.8857142857142856,0.5142857142857143,0.15625,0.308411214953271,0.5102040816326531,0.2777777777777778,0.3157894736842105,0.29112258577031924,0,1,1,0,1,0,0,0,1,0,0,0,0,0,0,1,0,0,0,0,0,0,0,0,1,0,0,1,0
200,-1,0.15706806282722513,volvo,sedan,rwd,109.1,0.711940298507463,0.7264957264957264,0.6416666666666669,0.6055081458494957,0.3018867924528302,0.8857142857142856,0.5142857142857143,0.10624999999999996,0.5233644859813084,0.46938775510204084,0.16666666666666666,0.23684210526315788,0.34573755027059233,0,1,0,1,1,0,0,0,1,0,0,0,0,0,0,1,0,0,0,0,0,0,0,0,1,0,0,1,0
201,-1,0.15706806282722513,volvo,sedan,rwd,109.1,0.711940298507463,0.7350427350427355,0.6416666666666669,0.591155934833204,0.4226415094339623,0.7428571428571429,0.38095238095238104,0.11250000000000004,0.40186915887850466,0.5510204081632653,0.1388888888888889,0.18421052631578946,0.40631051089816794,0,1,1,0,1,0,0,0,0,1,0,0,0,0,0,0,0,1,0,0,0,0,0,0,1,0,0,1,0
202,-1,0.15706806282722513,volvo,sedan,rwd,109.1,0.711940298507463,0.7350427350427355,0.6416666666666669,0.6706749418153607,0.3169811320754717,0.3357142857142856,0.6333333333333333,1.0,0.27102803738317754,0.2653061224489796,0.3611111111111111,0.2894736842105263,0.430763120003972,1,0,0,1,1,0,0,0,0,1,0,0,0,0,0,1,0,0,0,0,0,0,1,0,0,0,0,1,0
203,-1,0.15706806282722513,volvo,sedan,rwd,109.1,0.711940298507463,0.7350427350427355,0.6416666666666669,0.6105508145849495,0.3018867924528302,0.8857142857142856,0.5142857142857143,0.15625,0.308411214953271,0.5102040816326531,0.16666666666666666,0.23684210526315788,0.4346109925028549,0,1,0,1,1,0,0,0,1,0,0,0,0,0,0,1,0,0,0,0,0,0,0,0,1,0,0,1,0
